<?xml version='1.0' encoding='UTF-8'?>
<?artifactRepository version='1.1.0'?>
<repository name='Bundle pool' type='org.eclipse.equinox.p2.artifact.repository.simpleRepository' version='1.0.0'>
  <properties size='2'>
    <property name='p2.system' value='true'/>
    <property name='p2.timestamp' value='1450108583172'/>
  </properties>
  <mappings size='3'>
    <rule filter='(&amp; (classifier=osgi.bundle))' output='${repoUrl}/plugins/${id}_${version}.jar'/>
    <rule filter='(&amp; (classifier=binary))' output='${repoUrl}/binary/${id}_${version}'/>
    <rule filter='(&amp; (classifier=org.eclipse.update.feature))' output='${repoUrl}/features/${id}_${version}.jar'/>
  </mappings>
  <artifacts size='102'>
    <artifact classifier='osgi.bundle' id='org.eclipse.equinox.p2.director' version='2.3.200.v20150423-1455'>
      <properties size='1'>
        <property name='download.size' value='103286'/>
      </properties>
    </artifact>
    <artifact classifier='osgi.bundle' id='org.eclipse.core.filesystem' version='1.5.0.v20150421-0713'>
      <properties size='1'>
        <property name='download.size' value='61397'/>
      </properties>
    </artifact>
    <artifact classifier='osgi.bundle' id='org.eclipse.jdt.launching' version='3.8.0.v20150527-0946'>
      <properties size='1'>
        <property name='download.size' value='339415'/>
      </properties>
    </artifact>
    <artifact classifier='osgi.bundle' id='org.eclipse.text' version='3.5.400.v20150505-1044'>
      <properties size='1'>
        <property name='download.size' value='253040'/>
      </properties>
    </artifact>
    <artifact classifier='osgi.bundle' id='org.hamcrest.core' version='1.3.0.v201303031735'>
      <properties size='1'>
        <property name='download.size' value='55198'/>
      </properties>
    </artifact>
    <artifact classifier='osgi.bundle' id='org.eclipse.equinox.p2.repository' version='2.3.100.v20150428-1613'>
      <properties size='1'>
        <property name='download.size' value='131306'/>
      </properties>
    </artifact>
    <artifact classifier='osgi.bundle' id='org.eclipse.equinox.p2.core' version='2.4.0.v20150527-1706'>
      <properties size='1'>
        <property name='download.size' value='71855'/>
      </properties>
    </artifact>
    <artifact classifier='osgi.bundle' id='org.eclipse.core.net.win32.x86_64' version='1.0.100.v20140124-2013'>
      <properties size='1'>
        <property name='download.size' value='29169'/>
      </properties>
    </artifact>
    <artifact classifier='osgi.bundle' id='org.eclipse.equinox.p2.engine' version='2.4.0.v20150511-1532'>
      <properties size='1'>
        <property name='download.size' value='206409'/>
      </properties>
    </artifact>
    <artifact classifier='osgi.bundle' id='org.eclipse.jdt.junit.runtime' version='3.4.500.v20140527-1138'>
      <properties size='1'>
        <property name='download.size' value='53169'/>
      </properties>
    </artifact>
    <artifact classifier='osgi.bundle' id='org.eclipse.equinox.p2.jarprocessor' version='1.0.400.v20150430-1836'>
      <properties size='1'>
        <property name='download.size' value='68216'/>
      </properties>
    </artifact>
    <artifact classifier='osgi.bundle' id='org.eclipse.jdt.junit.core' version='3.7.400.v20150423-0747'>
      <properties size='1'>
        <property name='download.size' value='150386'/>
      </properties>
    </artifact>
    <artifact classifier='osgi.bundle' id='org.sat4j.core' version='2.3.5.v201308161310'>
      <properties size='1'>
        <property name='download.size' value='362968'/>
      </properties>
    </artifact>
    <artifact classifier='osgi.bundle' id='org.eclipse.buckminster.ant' version='1.2.360.v20150716-1357'>
      <properties size='1'>
        <property name='download.size' value='88501'/>
      </properties>
      <repositoryProperties size='1'>
        <property name='artifact.folder' value='true'/>
      </repositoryProperties>
    </artifact>
    <artifact classifier='osgi.bundle' id='org.eclipse.pde.junit.runtime' version='3.4.500.v20150423-1241'>
      <properties size='1'>
        <property name='download.size' value='21669'/>
      </properties>
    </artifact>
    <artifact classifier='osgi.bundle' id='org.eclipse.core.variables' version='3.2.800.v20130819-1716'>
      <properties size='1'>
        <property name='download.size' value='34734'/>
      </properties>
    </artifact>
    <artifact classifier='osgi.bundle' id='org.eclipse.equinox.app' version='1.3.300.v20150423-1356'>
      <properties size='1'>
        <property name='download.size' value='86482'/>
      </properties>
    </artifact>
    <artifact classifier='osgi.bundle' id='org.apache.httpcomponents.httpclient' version='4.3.6.v201411290715'>
      <properties size='1'>
        <property name='download.size' value='849668'/>
      </properties>
      <repositoryProperties size='1'>
        <property name='artifact.folder' value='true'/>
      </repositoryProperties>
    </artifact>
    <artifact classifier='osgi.bundle' id='org.eclipse.equinox.p2.director.app' version='1.0.400.v20150423-1455'>
      <properties size='1'>
        <property name='download.size' value='51443'/>
      </properties>
    </artifact>
    <artifact classifier='osgi.bundle' id='org.eclipse.equinox.p2.artifact.repository' version='1.1.400.v20150513-2116'>
      <properties size='1'>
        <property name='download.size' value='139697'/>
      </properties>
    </artifact>
    <artifact classifier='osgi.bundle' id='org.eclipse.core.jobs' version='3.7.0.v20150330-2103'>
      <properties size='1'>
        <property name='download.size' value='106979'/>
      </properties>
    </artifact>
    <artifact classifier='osgi.bundle' id='org.tukaani.xz' version='1.3.0.v201308270617'>
      <properties size='1'>
        <property name='download.size' value='109753'/>
      </properties>
      <repositoryProperties size='1'>
        <property name='artifact.folder' value='true'/>
      </repositoryProperties>
    </artifact>
    <artifact classifier='osgi.bundle' id='org.eclipse.core.runtime.compatibility' version='3.2.300.v20150423-0821'>
      <properties size='1'>
        <property name='download.size' value='94397'/>
      </properties>
    </artifact>
    <artifact classifier='osgi.bundle' id='org.eclipse.ecf.provider.filetransfer.httpclient4' version='1.0.1043.v20150512-1727'>
      <properties size='1'>
        <property name='download.size' value='70799'/>
      </properties>
    </artifact>
    <artifact classifier='osgi.bundle' id='org.eclipse.core.resources' version='3.10.0.v20150423-0755'>
      <properties size='1'>
        <property name='download.size' value='881004'/>
      </properties>
    </artifact>
    <artifact classifier='osgi.bundle' id='org.apache.ant' version='1.9.4.v201504302020'>
      <properties size='1'>
        <property name='download.size' value='2413365'/>
      </properties>
      <repositoryProperties size='1'>
        <property name='artifact.folder' value='true'/>
      </repositoryProperties>
    </artifact>
    <artifact classifier='osgi.bundle' id='org.eclipse.ecf' version='3.4.0.v20150512-1727'>
      <properties size='1'>
        <property name='download.size' value='100821'/>
      </properties>
    </artifact>
    <artifact classifier='osgi.bundle' id='org.eclipse.buckminster.core' version='1.3.0.v20150716-1357'>
      <properties size='1'>
        <property name='download.size' value='1127844'/>
      </properties>
    </artifact>
    <artifact classifier='osgi.bundle' id='org.eclipse.buckminster.jarprocessor' version='1.0.0.v20150716-1357'>
      <properties size='1'>
        <property name='download.size' value='38783'/>
      </properties>
    </artifact>
    <artifact classifier='osgi.bundle' id='org.eclipse.equinox.ds' version='1.4.300.v20150423-1356'>
      <properties size='1'>
        <property name='download.size' value='195386'/>
      </properties>
    </artifact>
    <artifact classifier='osgi.bundle' id='org.eclipse.equinox.event' version='1.3.100.v20140115-1647'>
      <properties size='1'>
        <property name='download.size' value='32208'/>
      </properties>
    </artifact>
    <artifact classifier='osgi.bundle' id='org.eclipse.core.commands' version='3.7.0.v20150422-0725'>
      <properties size='1'>
        <property name='download.size' value='113482'/>
      </properties>
    </artifact>
    <artifact classifier='osgi.bundle' id='org.eclipse.equinox.p2.garbagecollector' version='1.0.200.v20131115-1210'>
      <properties size='1'>
        <property name='download.size' value='24899'/>
      </properties>
    </artifact>
    <artifact classifier='osgi.bundle' id='org.eclipse.buckminster.cmdline' version='1.0.350.v20150716-1357'>
      <properties size='1'>
        <property name='download.size' value='55412'/>
      </properties>
    </artifact>
    <artifact classifier='osgi.bundle' id='org.eclipse.core.net' version='1.2.300.v20141118-1725'>
      <properties size='1'>
        <property name='download.size' value='71068'/>
      </properties>
    </artifact>
    <artifact classifier='osgi.bundle' id='org.eclipse.pde.core' version='3.10.100.v20150522-0332'>
      <properties size='1'>
        <property name='download.size' value='1296045'/>
      </properties>
    </artifact>
    <artifact classifier='osgi.bundle' id='org.eclipse.equinox.concurrent' version='1.1.0.v20130327-1442'>
      <properties size='1'>
        <property name='download.size' value='25385'/>
      </properties>
    </artifact>
    <artifact classifier='osgi.bundle' id='org.eclipse.equinox.preferences' version='3.5.300.v20150408-1437'>
      <properties size='1'>
        <property name='download.size' value='128409'/>
      </properties>
    </artifact>
    <artifact classifier='osgi.bundle' id='org.eclipse.buckminster.jdt' version='1.1.0.v20150716-1357'>
      <properties size='1'>
        <property name='download.size' value='53419'/>
      </properties>
      <repositoryProperties size='1'>
        <property name='artifact.folder' value='true'/>
      </repositoryProperties>
    </artifact>
    <artifact classifier='osgi.bundle' id='org.eclipse.equinox.p2.touchpoint.eclipse' version='2.1.300.v20150423-1455'>
      <properties size='1'>
        <property name='download.size' value='127671'/>
      </properties>
    </artifact>
    <artifact classifier='osgi.bundle' id='org.eclipse.buckminster.runtime' version='1.3.0.v20150716-1357'>
      <properties size='1'>
        <property name='download.size' value='46016'/>
      </properties>
    </artifact>
    <artifact classifier='osgi.bundle' id='org.eclipse.ecf.provider.filetransfer' version='3.2.200.v20150512-1727'>
      <properties size='1'>
        <property name='download.size' value='127283'/>
      </properties>
    </artifact>
    <artifact classifier='osgi.bundle' id='org.eclipse.buckminster.sax' version='1.0.0.v20150716-1357'>
      <properties size='1'>
        <property name='download.size' value='29777'/>
      </properties>
    </artifact>
    <artifact classifier='osgi.bundle' id='org.objectweb.asm' version='5.0.1.v201404251740'>
      <properties size='1'>
        <property name='download.size' value='63419'/>
      </properties>
    </artifact>
    <artifact classifier='osgi.bundle' id='org.eclipse.equinox.launcher' version='1.3.100.v20150511-1540'>
      <properties size='1'>
        <property name='download.size' value='50365'/>
      </properties>
    </artifact>
    <artifact classifier='osgi.bundle' id='org.eclipse.buckminster.osgi.filter' version='1.1.0.v20150716-1357'>
      <properties size='1'>
        <property name='download.size' value='36580'/>
      </properties>
    </artifact>
    <artifact classifier='osgi.bundle' id='org.eclipse.equinox.frameworkadmin' version='2.0.200.v20150423-1455'>
      <properties size='1'>
        <property name='download.size' value='36167'/>
      </properties>
    </artifact>
    <artifact classifier='osgi.bundle' id='org.eclipse.equinox.p2.console' version='1.0.400.v20150423-1455'>
      <properties size='1'>
        <property name='download.size' value='27245'/>
      </properties>
    </artifact>
    <artifact classifier='osgi.bundle' id='org.junit' version='4.12.0.v201504281640'>
      <properties size='1'>
        <property name='download.size' value='286192'/>
      </properties>
      <repositoryProperties size='1'>
        <property name='artifact.folder' value='true'/>
      </repositoryProperties>
    </artifact>
    <artifact classifier='osgi.bundle' id='org.eclipse.equinox.p2.repository.tools' version='2.1.100.v20150423-1455'>
      <properties size='1'>
        <property name='download.size' value='237689'/>
      </properties>
    </artifact>
    <artifact classifier='osgi.bundle' id='org.eclipse.equinox.common' version='3.7.0.v20150402-1709'>
      <properties size='1'>
        <property name='download.size' value='111495'/>
      </properties>
    </artifact>
    <artifact classifier='osgi.bundle' id='org.eclipse.equinox.p2.operations' version='2.4.100.v20150423-1455'>
      <properties size='1'>
        <property name='download.size' value='75810'/>
      </properties>
    </artifact>
    <artifact classifier='osgi.bundle' id='org.eclipse.equinox.simpleconfigurator' version='1.1.100.v20150423-1455'>
      <properties size='1'>
        <property name='download.size' value='43099'/>
      </properties>
    </artifact>
    <artifact classifier='osgi.bundle' id='org.eclipse.pde.launching' version='3.6.300.v20150423-1241'>
      <properties size='1'>
        <property name='download.size' value='121785'/>
      </properties>
    </artifact>
    <artifact classifier='osgi.bundle' id='org.eclipse.equinox.util' version='1.0.500.v20130404-1337'>
      <properties size='1'>
        <property name='download.size' value='77626'/>
      </properties>
    </artifact>
    <artifact classifier='osgi.bundle' id='org.eclipse.update.configurator' version='3.3.300.v20140518-1928'>
      <properties size='1'>
        <property name='download.size' value='100852'/>
      </properties>
    </artifact>
    <artifact classifier='osgi.bundle' id='org.eclipse.equinox.p2.publisher.eclipse' version='1.2.0.v20150601-1708'>
      <properties size='1'>
        <property name='download.size' value='227749'/>
      </properties>
    </artifact>
    <artifact classifier='osgi.bundle' id='org.sat4j.pb' version='2.3.5.v201404071733'>
      <properties size='1'>
        <property name='download.size' value='241956'/>
      </properties>
    </artifact>
    <artifact classifier='osgi.bundle' id='org.eclipse.core.filebuffers' version='3.5.500.v20140723-1040'>
      <properties size='1'>
        <property name='download.size' value='114717'/>
      </properties>
    </artifact>
    <artifact classifier='osgi.bundle' id='org.eclipse.jdt.debug' version='3.9.0.v20150528-1838'>
      <properties size='1'>
        <property name='download.size' value='913652'/>
      </properties>
      <repositoryProperties size='1'>
        <property name='artifact.folder' value='true'/>
      </repositoryProperties>
    </artifact>
    <artifact classifier='osgi.bundle' id='org.eclipse.debug.core' version='3.10.0.v20150303-1130'>
      <properties size='1'>
        <property name='download.size' value='362010'/>
      </properties>
    </artifact>
    <artifact classifier='osgi.bundle' id='com.ibm.icu.base' version='54.1.1.v201501272100'>
      <properties size='1'>
        <property name='download.size' value='181438'/>
      </properties>
    </artifact>
    <artifact classifier='osgi.bundle' id='org.eclipse.buckminster.download' version='1.1.0.v20150716-1357'>
      <properties size='1'>
        <property name='download.size' value='51459'/>
      </properties>
    </artifact>
    <artifact classifier='osgi.bundle' id='org.apache.commons.logging' version='1.1.1.v201101211721'>
      <properties size='1'>
        <property name='download.size' value='73633'/>
      </properties>
    </artifact>
    <artifact classifier='osgi.bundle' id='org.eclipse.equinox.p2.metadata' version='2.3.0.v20150511-1532'>
      <properties size='1'>
        <property name='download.size' value='342378'/>
      </properties>
    </artifact>
    <artifact classifier='osgi.bundle' id='org.eclipse.core.contenttype' version='3.5.0.v20150421-2214'>
      <properties size='1'>
        <property name='download.size' value='99045'/>
      </properties>
    </artifact>
    <artifact classifier='osgi.bundle' id='com.jcraft.jsch' version='0.1.51.v201410302000'>
      <properties size='1'>
        <property name='download.size' value='278963'/>
      </properties>
    </artifact>
    <artifact classifier='osgi.bundle' id='org.eclipse.ecf.filetransfer' version='5.0.0.v20150512-1727'>
      <properties size='1'>
        <property name='download.size' value='51128'/>
      </properties>
    </artifact>
    <artifact classifier='osgi.bundle' id='org.eclipse.osgi' version='3.10.100.v20150529-1857'>
      <properties size='1'>
        <property name='download.size' value='1303072'/>
      </properties>
    </artifact>
    <artifact classifier='osgi.bundle' id='org.eclipse.equinox.p2.updatesite' version='1.0.500.v20150423-1455'>
      <properties size='1'>
        <property name='download.size' value='94918'/>
      </properties>
    </artifact>
    <artifact classifier='osgi.bundle' id='org.eclipse.buckminster.installer' version='1.2.0.v20150718-2211'>
      <properties size='1'>
        <property name='download.size' value='21207'/>
      </properties>
    </artifact>
    <artifact classifier='osgi.bundle' id='org.eclipse.jsch.core' version='1.2.0.v20141202-1415'>
      <properties size='1'>
        <property name='download.size' value='40313'/>
      </properties>
    </artifact>
    <artifact classifier='osgi.bundle' id='org.eclipse.buckminster.junit' version='1.0.0.v20150716-1357'>
      <properties size='1'>
        <property name='download.size' value='23083'/>
      </properties>
    </artifact>
    <artifact classifier='osgi.bundle' id='org.eclipse.core.expressions' version='3.5.0.v20150421-2214'>
      <properties size='1'>
        <property name='download.size' value='90088'/>
      </properties>
    </artifact>
    <artifact classifier='osgi.bundle' id='org.eclipse.ant.core' version='3.4.0.v20150428-1928'>
      <properties size='1'>
        <property name='download.size' value='107420'/>
      </properties>
    </artifact>
    <artifact classifier='osgi.bundle' id='org.eclipse.equinox.registry' version='3.6.0.v20150318-1503'>
      <properties size='1'>
        <property name='download.size' value='182667'/>
      </properties>
    </artifact>
    <artifact classifier='osgi.bundle' id='org.eclipse.equinox.frameworkadmin.equinox' version='1.0.600.v20150522-2234'>
      <properties size='1'>
        <property name='download.size' value='63400'/>
      </properties>
    </artifact>
    <artifact classifier='osgi.bundle' id='org.eclipse.equinox.p2.touchpoint.natives' version='1.2.0.v20150519-1136'>
      <properties size='1'>
        <property name='download.size' value='73980'/>
      </properties>
    </artifact>
    <artifact classifier='osgi.bundle' id='org.apache.httpcomponents.httpcore' version='4.3.3.v201411290715'>
      <properties size='1'>
        <property name='download.size' value='318024'/>
      </properties>
      <repositoryProperties size='1'>
        <property name='artifact.folder' value='true'/>
      </repositoryProperties>
    </artifact>
    <artifact classifier='osgi.bundle' id='org.eclipse.pde.api.tools' version='1.0.700.v20150513-0819'>
      <properties size='1'>
        <property name='download.size' value='914195'/>
      </properties>
    </artifact>
    <artifact classifier='osgi.bundle' id='org.eclipse.team.core' version='3.7.100.v20150203-1452'>
      <properties size='1'>
        <property name='download.size' value='404403'/>
      </properties>
    </artifact>
    <artifact classifier='osgi.bundle' id='org.eclipse.osgi.compatibility.state' version='1.0.100.v20150402-1551'>
      <properties size='1'>
        <property name='download.size' value='241329'/>
      </properties>
    </artifact>
    <artifact classifier='osgi.bundle' id='org.eclipse.compare.core' version='3.5.500.v20150505-1058'>
      <properties size='1'>
        <property name='download.size' value='63530'/>
      </properties>
    </artifact>
    <artifact classifier='osgi.bundle' id='org.eclipse.buckminster.executor' version='1.0.0.v20150716-1357'>
      <properties size='1'>
        <property name='download.size' value='17445'/>
      </properties>
    </artifact>
    <artifact classifier='osgi.bundle' id='org.eclipse.core.runtime' version='3.11.0.v20150405-1723'>
      <properties size='1'>
        <property name='download.size' value='76726'/>
      </properties>
    </artifact>
    <artifact classifier='osgi.bundle' id='org.eclipse.equinox.security' version='1.2.100.v20150423-1356'>
      <properties size='1'>
        <property name='download.size' value='108143'/>
      </properties>
    </artifact>
    <artifact classifier='osgi.bundle' id='org.eclipse.ecf.identity' version='3.5.0.v20150512-1727'>
      <properties size='1'>
        <property name='download.size' value='61096'/>
      </properties>
    </artifact>
    <artifact classifier='osgi.bundle' id='org.apache.commons.codec' version='1.6.0.v201305230611'>
      <properties size='1'>
        <property name='download.size' value='257406'/>
      </properties>
      <repositoryProperties size='1'>
        <property name='artifact.folder' value='true'/>
      </repositoryProperties>
    </artifact>
    <artifact classifier='osgi.bundle' id='org.objectweb.asm.tree' version='5.0.1.v201404251740'>
      <properties size='1'>
        <property name='download.size' value='39900'/>
      </properties>
    </artifact>
    <artifact classifier='osgi.bundle' id='org.eclipse.osgi.services' version='3.5.0.v20150519-2006'>
      <properties size='1'>
        <property name='download.size' value='109715'/>
      </properties>
    </artifact>
    <artifact classifier='osgi.bundle' id='org.eclipse.jdt.core' version='3.11.0.v20150602-1242'>
      <properties size='1'>
        <property name='download.size' value='5716533'/>
      </properties>
    </artifact>
    <artifact classifier='osgi.bundle' id='org.eclipse.equinox.p2.publisher' version='1.4.0.v20141117-0929'>
      <properties size='1'>
        <property name='download.size' value='95103'/>
      </properties>
    </artifact>
    <artifact classifier='osgi.bundle' id='org.eclipse.equinox.launcher.win32.win32.x86_64' version='1.1.300.v20150602-1417'>
      <properties size='1'>
        <property name='download.size' value='24571'/>
      </properties>
      <repositoryProperties size='1'>
        <property name='artifact.folder' value='true'/>
      </repositoryProperties>
    </artifact>
    <artifact classifier='osgi.bundle' id='org.apache.commons.httpclient' version='3.1.0.v201012070820'>
      <properties size='1'>
        <property name='download.size' value='321633'/>
      </properties>
      <repositoryProperties size='1'>
        <property name='artifact.folder' value='true'/>
      </repositoryProperties>
    </artifact>
    <artifact classifier='osgi.bundle' id='org.eclipse.equinox.p2.metadata.repository' version='1.2.200.v20150428-1613'>
      <properties size='1'>
        <property name='download.size' value='118253'/>
      </properties>
    </artifact>
    <artifact classifier='osgi.bundle' id='org.eclipse.jdt.junit4.runtime' version='1.1.500.v20150423-0747'>
      <properties size='1'>
        <property name='download.size' value='25023'/>
      </properties>
    </artifact>
    <artifact classifier='osgi.bundle' id='org.eclipse.buckminster.generic' version='1.0.0.v20150716-1357'>
      <properties size='1'>
        <property name='download.size' value='32376'/>
      </properties>
    </artifact>
    <artifact classifier='osgi.bundle' id='org.eclipse.equinox.simpleconfigurator.manipulator' version='2.0.100.v20150423-1455'>
      <properties size='1'>
        <property name='download.size' value='25182'/>
      </properties>
    </artifact>
    <artifact classifier='osgi.bundle' id='org.eclipse.equinox.p2.transport.ecf' version='1.1.100.v20150521-1342'>
      <properties size='1'>
        <property name='download.size' value='42377'/>
      </properties>
    </artifact>
    <artifact classifier='osgi.bundle' id='org.eclipse.pde.build' version='3.9.100.v20150521-1524'>
      <properties size='1'>
        <property name='download.size' value='483605'/>
      </properties>
      <repositoryProperties size='1'>
        <property name='artifact.folder' value='true'/>
      </repositoryProperties>
    </artifact>
    <artifact classifier='osgi.bundle' id='org.eclipse.buckminster.pde' version='1.3.1.v20150716-1357'>
      <properties size='1'>
        <property name='download.size' value='384773'/>
      </properties>
      <repositoryProperties size='1'>
        <property name='artifact.folder' value='true'/>
      </repositoryProperties>
    </artifact>
    <artifact classifier='osgi.bundle' id='org.eclipse.buckminster.fetcher' version='1.0.0.v20150716-1357'>
      <properties size='1'>
        <property name='download.size' value='21142'/>
      </properties>
    </artifact>
  </artifacts>
</repository>
